id_solicitante,inadimplente
20001,-1.0
20002,-1.0
20003,1.0
20004,-1.0
20005,-1.0
20006,-1.0
20007,-1.0
20008,-1.0
20009,-1.0
20010,-1.0
20011,-1.0
20012,-1.0
20013,-1.0
20014,-1.0
20015,-1.0
20016,-1.0
20017,-1.0
20018,-1.0
20019,-1.0
20020,-1.0
20021,-1.0
20022,-1.0
20023,-1.0
20024,-1.0
20025,-1.0
20026,-1.0
20027,-1.0
20028,-1.0
20029,-1.0
20030,-1.0
20031,-1.0
20032,-1.0
20033,-1.0
20034,-1.0
20035,-1.0
20036,-1.0
20037,-1.0
20038,-1.0
20039,-1.0
20040,-1.0
20041,-1.0
20042,-1.0
20043,-1.0
20044,-1.0
20045,-1.0
20046,-1.0
20047,-1.0
20048,-1.0
20049,-1.0
20050,-1.0
20051,-1.0
20052,-1.0
20053,-1.0
20054,-1.0
20055,-1.0
20056,-1.0
20057,-1.0
20058,-1.0
20059,-1.0
20060,-1.0
20061,-1.0
20062,-1.0
20063,-1.0
20064,-1.0
20065,-1.0
20066,-1.0
20067,-1.0
20068,-1.0
20069,-1.0
20070,-1.0
20071,-1.0
20072,-1.0
20073,-1.0
20074,-1.0
20075,-1.0
20076,-1.0
20077,-1.0
20078,-1.0
20079,-1.0
20080,-1.0
20081,-1.0
20082,-1.0
20083,-1.0
20084,-1.0
20085,-1.0
20086,-1.0
20087,-1.0
20088,-1.0
20089,-1.0
20090,-1.0
20091,-1.0
20092,-1.0
20093,-1.0
20094,-1.0
20095,1.0
20096,-1.0
20097,-1.0
20098,-1.0
20099,-1.0
20100,-1.0
20101,-1.0
20102,-1.0
20103,-1.0
20104,-1.0
20105,-1.0
20106,-1.0
20107,-1.0
20108,-1.0
20109,-1.0
20110,-1.0
20111,-1.0
20112,-1.0
20113,-1.0
20114,-1.0
20115,-1.0
20116,-1.0
20117,-1.0
20118,-1.0
20119,-1.0
20120,-1.0
20121,-1.0
20122,-1.0
20123,-1.0
20124,-1.0
20125,-1.0
20126,-1.0
20127,-1.0
20128,-1.0
20129,-1.0
20130,-1.0
20131,-1.0
20132,-1.0
20133,-1.0
20134,-1.0
20135,-1.0
20136,-1.0
20137,-1.0
20138,-1.0
20139,-1.0
20140,-1.0
20141,-1.0
20142,-1.0
20143,-1.0
20144,-1.0
20145,-1.0
20146,-1.0
20147,-1.0
20148,-1.0
20149,-1.0
20150,-1.0
20151,-1.0
20152,-1.0
20153,-1.0
20154,-1.0
20155,-1.0
20156,-1.0
20157,-1.0
20158,-1.0
20159,-1.0
20160,-1.0
20161,1.0
20162,-1.0
20163,-1.0
20164,-1.0
20165,-1.0
20166,-1.0
20167,-1.0
20168,-1.0
20169,-1.0
20170,-1.0
20171,-1.0
20172,-1.0
20173,-1.0
20174,-1.0
20175,-1.0
20176,-1.0
20177,-1.0
20178,-1.0
20179,-1.0
20180,-1.0
20181,-1.0
20182,-1.0
20183,-1.0
20184,-1.0
20185,-1.0
20186,-1.0
20187,-1.0
20188,-1.0
20189,-1.0
20190,-1.0
20191,-1.0
20192,-1.0
20193,-1.0
20194,-1.0
20195,-1.0
20196,-1.0
20197,-1.0
20198,-1.0
20199,-1.0
20200,-1.0
20201,-1.0
20202,-1.0
20203,-1.0
20204,-1.0
20205,-1.0
20206,-1.0
20207,-1.0
20208,-1.0
20209,-1.0
20210,1.0
20211,-1.0
20212,-1.0
20213,-1.0
20214,-1.0
20215,-1.0
20216,-1.0
20217,-1.0
20218,-1.0
20219,-1.0
20220,-1.0
20221,-1.0
20222,-1.0
20223,-1.0
20224,1.0
20225,-1.0
20226,-1.0
20227,-1.0
20228,1.0
20229,-1.0
20230,-1.0
20231,-1.0
20232,-1.0
20233,-1.0
20234,-1.0
20235,-1.0
20236,-1.0
20237,-1.0
20238,-1.0
20239,-1.0
20240,-1.0
20241,-1.0
20242,-1.0
20243,-1.0
20244,-1.0
20245,-1.0
20246,-1.0
20247,-1.0
20248,-1.0
20249,-1.0
20250,-1.0
20251,-1.0
20252,-1.0
20253,-1.0
20254,-1.0
20255,-1.0
20256,-1.0
20257,-1.0
20258,-1.0
20259,-1.0
20260,-1.0
20261,-1.0
20262,-1.0
20263,-1.0
20264,-1.0
20265,-1.0
20266,-1.0
20267,-1.0
20268,-1.0
20269,-1.0
20270,-1.0
20271,-1.0
20272,-1.0
20273,-1.0
20274,-1.0
20275,-1.0
20276,-1.0
20277,-1.0
20278,-1.0
20279,-1.0
20280,-1.0
20281,-1.0
20282,-1.0
20283,-1.0
20284,-1.0
20285,-1.0
20286,-1.0
20287,-1.0
20288,-1.0
20289,-1.0
20290,-1.0
20291,-1.0
20292,-1.0
20293,-1.0
20294,-1.0
20295,-1.0
20296,-1.0
20297,-1.0
20298,1.0
20299,-1.0
20300,1.0
20301,-1.0
20302,-1.0
20303,-1.0
20304,-1.0
20305,-1.0
20306,-1.0
20307,-1.0
20308,-1.0
20309,-1.0
20310,-1.0
20311,-1.0
20312,-1.0
20313,-1.0
20314,-1.0
20315,-1.0
20316,1.0
20317,-1.0
20318,-1.0
20319,-1.0
20320,-1.0
20321,-1.0
20322,-1.0
20323,-1.0
20324,-1.0
20325,-1.0
20326,-1.0
20327,-1.0
20328,-1.0
20329,-1.0
20330,-1.0
20331,-1.0
20332,-1.0
20333,-1.0
20334,-1.0
20335,-1.0
20336,-1.0
20337,1.0
20338,-1.0
20339,-1.0
20340,-1.0
20341,-1.0
20342,-1.0
20343,-1.0
20344,-1.0
20345,-1.0
20346,-1.0
20347,-1.0
20348,-1.0
20349,-1.0
20350,-1.0
20351,-1.0
20352,-1.0
20353,-1.0
20354,-1.0
20355,-1.0
20356,-1.0
20357,-1.0
20358,-1.0
20359,-1.0
20360,-1.0
20361,-1.0
20362,-1.0
20363,-1.0
20364,-1.0
20365,-1.0
20366,-1.0
20367,-1.0
20368,-1.0
20369,-1.0
20370,-1.0
20371,-1.0
20372,-1.0
20373,-1.0
20374,-1.0
20375,-1.0
20376,-1.0
20377,-1.0
20378,-1.0
20379,-1.0
20380,-1.0
20381,-1.0
20382,-1.0
20383,-1.0
20384,-1.0
20385,-1.0
20386,-1.0
20387,-1.0
20388,-1.0
20389,-1.0
20390,-1.0
20391,-1.0
20392,-1.0
20393,-1.0
20394,-1.0
20395,-1.0
20396,-1.0
20397,-1.0
20398,-1.0
20399,-1.0
20400,-1.0
20401,-1.0
20402,-1.0
20403,-1.0
20404,-1.0
20405,-1.0
20406,-1.0
20407,-1.0
20408,-1.0
20409,-1.0
20410,-1.0
20411,-1.0
20412,-1.0
20413,-1.0
20414,-1.0
20415,-1.0
20416,-1.0
20417,-1.0
20418,-1.0
20419,-1.0
20420,-1.0
20421,-1.0
20422,-1.0
20423,-1.0
20424,-1.0
20425,-1.0
20426,-1.0
20427,-1.0
20428,-1.0
20429,-1.0
20430,1.0
20431,-1.0
20432,-1.0
20433,-1.0
20434,-1.0
20435,-1.0
20436,-1.0
20437,-1.0
20438,-1.0
20439,-1.0
20440,-1.0
20441,-1.0
20442,-1.0
20443,-1.0
20444,-1.0
20445,-1.0
20446,-1.0
20447,-1.0
20448,-1.0
20449,-1.0
20450,-1.0
20451,-1.0
20452,-1.0
20453,-1.0
20454,-1.0
20455,-1.0
20456,-1.0
20457,-1.0
20458,-1.0
20459,-1.0
20460,-1.0
20461,-1.0
20462,-1.0
20463,-1.0
20464,-1.0
20465,-1.0
20466,-1.0
20467,-1.0
20468,-1.0
20469,-1.0
20470,-1.0
20471,-1.0
20472,-1.0
20473,-1.0
20474,-1.0
20475,-1.0
20476,-1.0
20477,-1.0
20478,-1.0
20479,-1.0
20480,-1.0
20481,-1.0
20482,-1.0
20483,-1.0
20484,-1.0
20485,-1.0
20486,-1.0
20487,-1.0
20488,-1.0
20489,-1.0
20490,-1.0
20491,-1.0
20492,-1.0
20493,-1.0
20494,-1.0
20495,-1.0
20496,-1.0
20497,-1.0
20498,-1.0
20499,-1.0
20500,-1.0
20501,-1.0
20502,-1.0
20503,-1.0
20504,-1.0
20505,-1.0
20506,-1.0
20507,-1.0
20508,-1.0
20509,-1.0
20510,-1.0
20511,-1.0
20512,-1.0
20513,-1.0
20514,-1.0
20515,-1.0
20516,-1.0
20517,-1.0
20518,-1.0
20519,-1.0
20520,-1.0
20521,-1.0
20522,-1.0
20523,-1.0
20524,-1.0
20525,-1.0
20526,-1.0
20527,-1.0
20528,-1.0
20529,-1.0
20530,-1.0
20531,-1.0
20532,-1.0
20533,-1.0
20534,-1.0
20535,-1.0
20536,-1.0
20537,-1.0
20538,-1.0
20539,-1.0
20540,-1.0
20541,-1.0
20542,-1.0
20543,-1.0
20544,-1.0
20545,-1.0
20546,-1.0
20547,-1.0
20548,-1.0
20549,-1.0
20550,-1.0
20551,-1.0
20552,-1.0
20553,-1.0
20554,-1.0
20555,-1.0
20556,-1.0
20557,-1.0
20558,-1.0
20559,-1.0
20560,-1.0
20561,-1.0
20562,-1.0
20563,-1.0
20564,-1.0
20565,-1.0
20566,-1.0
20567,-1.0
20568,-1.0
20569,-1.0
20570,-1.0
20571,-1.0
20572,-1.0
20573,-1.0
20574,-1.0
20575,-1.0
20576,-1.0
20577,-1.0
20578,-1.0
20579,-1.0
20580,-1.0
20581,-1.0
20582,-1.0
20583,-1.0
20584,-1.0
20585,-1.0
20586,-1.0
20587,-1.0
20588,-1.0
20589,-1.0
20590,-1.0
20591,-1.0
20592,-1.0
20593,-1.0
20594,-1.0
20595,-1.0
20596,-1.0
20597,-1.0
20598,-1.0
20599,-1.0
20600,-1.0
20601,-1.0
20602,-1.0
20603,-1.0
20604,-1.0
20605,-1.0
20606,-1.0
20607,-1.0
20608,-1.0
20609,-1.0
20610,-1.0
20611,-1.0
20612,-1.0
20613,-1.0
20614,-1.0
20615,-1.0
20616,-1.0
20617,-1.0
20618,-1.0
20619,-1.0
20620,-1.0
20621,-1.0
20622,-1.0
20623,-1.0
20624,-1.0
20625,-1.0
20626,-1.0
20627,-1.0
20628,-1.0
20629,-1.0
20630,-1.0
20631,-1.0
20632,-1.0
20633,-1.0
20634,-1.0
20635,-1.0
20636,-1.0
20637,-1.0
20638,-1.0
20639,-1.0
20640,-1.0
20641,-1.0
20642,-1.0
20643,-1.0
20644,-1.0
20645,-1.0
20646,-1.0
20647,-1.0
20648,-1.0
20649,1.0
20650,-1.0
20651,-1.0
20652,-1.0
20653,-1.0
20654,-1.0
20655,-1.0
20656,-1.0
20657,-1.0
20658,-1.0
20659,-1.0
20660,-1.0
20661,-1.0
20662,-1.0
20663,-1.0
20664,-1.0
20665,-1.0
20666,-1.0
20667,-1.0
20668,-1.0
20669,-1.0
20670,-1.0
20671,-1.0
20672,-1.0
20673,-1.0
20674,-1.0
20675,-1.0
20676,-1.0
20677,-1.0
20678,-1.0
20679,-1.0
20680,-1.0
20681,-1.0
20682,-1.0
20683,-1.0
20684,-1.0
20685,-1.0
20686,-1.0
20687,-1.0
20688,-1.0
20689,-1.0
20690,-1.0
20691,-1.0
20692,-1.0
20693,-1.0
20694,-1.0
20695,-1.0
20696,-1.0
20697,-1.0
20698,-1.0
20699,-1.0
20700,-1.0
20701,-1.0
20702,-1.0
20703,-1.0
20704,-1.0
20705,-1.0
20706,-1.0
20707,-1.0
20708,-1.0
20709,-1.0
20710,-1.0
20711,1.0
20712,-1.0
20713,-1.0
20714,-1.0
20715,-1.0
20716,-1.0
20717,-1.0
20718,-1.0
20719,-1.0
20720,-1.0
20721,-1.0
20722,-1.0
20723,-1.0
20724,-1.0
20725,-1.0
20726,-1.0
20727,-1.0
20728,-1.0
20729,-1.0
20730,-1.0
20731,-1.0
20732,-1.0
20733,-1.0
20734,-1.0
20735,-1.0
20736,-1.0
20737,-1.0
20738,-1.0
20739,-1.0
20740,-1.0
20741,-1.0
20742,1.0
20743,-1.0
20744,-1.0
20745,-1.0
20746,-1.0
20747,-1.0
20748,-1.0
20749,-1.0
20750,-1.0
20751,-1.0
20752,-1.0
20753,-1.0
20754,-1.0
20755,-1.0
20756,-1.0
20757,-1.0
20758,-1.0
20759,-1.0
20760,-1.0
20761,-1.0
20762,-1.0
20763,-1.0
20764,-1.0
20765,-1.0
20766,1.0
20767,-1.0
20768,-1.0
20769,-1.0
20770,-1.0
20771,-1.0
20772,-1.0
20773,-1.0
20774,-1.0
20775,-1.0
20776,-1.0
20777,-1.0
20778,-1.0
20779,-1.0
20780,-1.0
20781,-1.0
20782,-1.0
20783,-1.0
20784,-1.0
20785,-1.0
20786,-1.0
20787,-1.0
20788,-1.0
20789,-1.0
20790,-1.0
20791,-1.0
20792,-1.0
20793,-1.0
20794,-1.0
20795,-1.0
20796,-1.0
20797,-1.0
20798,-1.0
20799,-1.0
20800,-1.0
20801,-1.0
20802,-1.0
20803,-1.0
20804,-1.0
20805,-1.0
20806,-1.0
20807,-1.0
20808,-1.0
20809,-1.0
20810,-1.0
20811,-1.0
20812,-1.0
20813,-1.0
20814,-1.0
20815,-1.0
20816,-1.0
20817,-1.0
20818,-1.0
20819,-1.0
20820,-1.0
20821,-1.0
20822,-1.0
20823,-1.0
20824,-1.0
20825,-1.0
20826,-1.0
20827,-1.0
20828,-1.0
20829,-1.0
20830,-1.0
20831,-1.0
20832,-1.0
20833,-1.0
20834,-1.0
20835,-1.0
20836,-1.0
20837,-1.0
20838,-1.0
20839,-1.0
20840,-1.0
20841,-1.0
20842,-1.0
20843,-1.0
20844,-1.0
20845,-1.0
20846,1.0
20847,-1.0
20848,-1.0
20849,-1.0
20850,-1.0
20851,-1.0
20852,1.0
20853,-1.0
20854,-1.0
20855,-1.0
20856,-1.0
20857,-1.0
20858,-1.0
20859,-1.0
20860,-1.0
20861,-1.0
20862,-1.0
20863,-1.0
20864,-1.0
20865,-1.0
20866,-1.0
20867,-1.0
20868,-1.0
20869,-1.0
20870,-1.0
20871,-1.0
20872,-1.0
20873,-1.0
20874,-1.0
20875,-1.0
20876,-1.0
20877,-1.0
20878,-1.0
20879,-1.0
20880,1.0
20881,-1.0
20882,-1.0
20883,-1.0
20884,-1.0
20885,-1.0
20886,-1.0
20887,-1.0
20888,-1.0
20889,-1.0
20890,-1.0
20891,-1.0
20892,-1.0
20893,-1.0
20894,-1.0
20895,-1.0
20896,-1.0
20897,-1.0
20898,-1.0
20899,-1.0
20900,-1.0
20901,-1.0
20902,-1.0
20903,1.0
20904,-1.0
20905,-1.0
20906,-1.0
20907,-1.0
20908,-1.0
20909,-1.0
20910,-1.0
20911,-1.0
20912,-1.0
20913,-1.0
20914,-1.0
20915,-1.0
20916,-1.0
20917,-1.0
20918,-1.0
20919,-1.0
20920,-1.0
20921,-1.0
20922,-1.0
20923,-1.0
20924,-1.0
20925,-1.0
20926,-1.0
20927,-1.0
20928,-1.0
20929,-1.0
20930,-1.0
20931,-1.0
20932,-1.0
20933,-1.0
20934,-1.0
20935,-1.0
20936,-1.0
20937,-1.0
20938,-1.0
20939,-1.0
20940,-1.0
20941,-1.0
20942,-1.0
20943,-1.0
20944,-1.0
20945,-1.0
20946,-1.0
20947,-1.0
20948,-1.0
20949,-1.0
20950,-1.0
20951,-1.0
20952,-1.0
20953,-1.0
20954,-1.0
20955,-1.0
20956,-1.0
20957,-1.0
20958,-1.0
20959,1.0
20960,-1.0
20961,-1.0
20962,-1.0
20963,-1.0
20964,-1.0
20965,-1.0
20966,-1.0
20967,-1.0
20968,-1.0
20969,-1.0
20970,-1.0
20971,-1.0
20972,-1.0
20973,-1.0
20974,-1.0
20975,-1.0
20976,-1.0
20977,-1.0
20978,-1.0
20979,-1.0
20980,-1.0
20981,-1.0
20982,-1.0
20983,-1.0
20984,-1.0
20985,-1.0
20986,-1.0
20987,-1.0
20988,-1.0
20989,-1.0
20990,-1.0
20991,-1.0
20992,-1.0
20993,-1.0
20994,-1.0
20995,-1.0
20996,-1.0
20997,-1.0
20998,-1.0
20999,-1.0
21000,-1.0
21001,-1.0
21002,-1.0
21003,-1.0
21004,-1.0
21005,-1.0
21006,-1.0
21007,-1.0
21008,-1.0
21009,-1.0
21010,-1.0
21011,-1.0
21012,-1.0
21013,-1.0
21014,-1.0
21015,-1.0
21016,-1.0
21017,-1.0
21018,-1.0
21019,-1.0
21020,-1.0
21021,-1.0
21022,-1.0
21023,-1.0
21024,-1.0
21025,-1.0
21026,-1.0
21027,-1.0
21028,-1.0
21029,-1.0
21030,-1.0
21031,-1.0
21032,-1.0
21033,-1.0
21034,-1.0
21035,-1.0
21036,-1.0
21037,-1.0
21038,-1.0
21039,-1.0
21040,-1.0
21041,-1.0
21042,-1.0
21043,-1.0
21044,-1.0
21045,-1.0
21046,1.0
21047,-1.0
21048,-1.0
21049,-1.0
21050,-1.0
21051,-1.0
21052,-1.0
21053,-1.0
21054,-1.0
21055,-1.0
21056,-1.0
21057,-1.0
21058,-1.0
21059,-1.0
21060,-1.0
21061,-1.0
21062,-1.0
21063,-1.0
21064,-1.0
21065,-1.0
21066,-1.0
21067,-1.0
21068,-1.0
21069,-1.0
21070,-1.0
21071,-1.0
21072,-1.0
21073,-1.0
21074,-1.0
21075,-1.0
21076,-1.0
21077,-1.0
21078,-1.0
21079,-1.0
21080,-1.0
21081,-1.0
21082,-1.0
21083,-1.0
21084,-1.0
21085,-1.0
21086,-1.0
21087,-1.0
21088,-1.0
21089,-1.0
21090,-1.0
21091,-1.0
21092,-1.0
21093,-1.0
21094,-1.0
21095,1.0
21096,-1.0
21097,-1.0
21098,-1.0
21099,-1.0
21100,-1.0
21101,-1.0
21102,-1.0
21103,-1.0
21104,-1.0
21105,-1.0
21106,-1.0
21107,-1.0
21108,1.0
21109,-1.0
21110,-1.0
21111,-1.0
21112,-1.0
21113,-1.0
21114,-1.0
21115,-1.0
21116,1.0
21117,-1.0
21118,-1.0
21119,-1.0
21120,-1.0
21121,-1.0
21122,-1.0
21123,-1.0
21124,-1.0
21125,1.0
21126,-1.0
21127,-1.0
21128,-1.0
21129,-1.0
21130,-1.0
21131,-1.0
21132,-1.0
21133,-1.0
21134,-1.0
21135,-1.0
21136,-1.0
21137,-1.0
21138,-1.0
21139,-1.0
21140,-1.0
21141,-1.0
21142,-1.0
21143,-1.0
21144,-1.0
21145,-1.0
21146,-1.0
21147,-1.0
21148,-1.0
21149,-1.0
21150,-1.0
21151,-1.0
21152,-1.0
21153,-1.0
21154,-1.0
21155,-1.0
21156,-1.0
21157,-1.0
21158,-1.0
21159,-1.0
21160,-1.0
21161,-1.0
21162,-1.0
21163,-1.0
21164,-1.0
21165,-1.0
21166,-1.0
21167,-1.0
21168,-1.0
21169,-1.0
21170,-1.0
21171,-1.0
21172,-1.0
21173,-1.0
21174,-1.0
21175,-1.0
21176,-1.0
21177,-1.0
21178,-1.0
21179,-1.0
21180,-1.0
21181,-1.0
21182,-1.0
21183,1.0
21184,-1.0
21185,-1.0
21186,-1.0
21187,-1.0
21188,-1.0
21189,-1.0
21190,-1.0
21191,-1.0
21192,-1.0
21193,-1.0
21194,-1.0
21195,-1.0
21196,1.0
21197,-1.0
21198,-1.0
21199,-1.0
21200,-1.0
21201,-1.0
21202,-1.0
21203,-1.0
21204,-1.0
21205,-1.0
21206,-1.0
21207,-1.0
21208,-1.0
21209,-1.0
21210,-1.0
21211,-1.0
21212,-1.0
21213,-1.0
21214,-1.0
21215,-1.0
21216,-1.0
21217,-1.0
21218,-1.0
21219,-1.0
21220,-1.0
21221,-1.0
21222,-1.0
21223,-1.0
21224,-1.0
21225,-1.0
21226,-1.0
21227,-1.0
21228,-1.0
21229,-1.0
21230,-1.0
21231,-1.0
21232,-1.0
21233,-1.0
21234,-1.0
21235,-1.0
21236,-1.0
21237,-1.0
21238,-1.0
21239,-1.0
21240,-1.0
21241,-1.0
21242,-1.0
21243,-1.0
21244,-1.0
21245,-1.0
21246,-1.0
21247,-1.0
21248,1.0
21249,-1.0
21250,1.0
21251,-1.0
21252,-1.0
21253,-1.0
21254,-1.0
21255,-1.0
21256,-1.0
21257,-1.0
21258,-1.0
21259,-1.0
21260,1.0
21261,-1.0
21262,-1.0
21263,-1.0
21264,-1.0
21265,-1.0
21266,-1.0
21267,-1.0
21268,-1.0
21269,-1.0
21270,-1.0
21271,-1.0
21272,-1.0
21273,-1.0
21274,-1.0
21275,-1.0
21276,-1.0
21277,-1.0
21278,-1.0
21279,1.0
21280,-1.0
21281,-1.0
21282,-1.0
21283,-1.0
21284,-1.0
21285,-1.0
21286,-1.0
21287,-1.0
21288,-1.0
21289,-1.0
21290,-1.0
21291,-1.0
21292,-1.0
21293,-1.0
21294,-1.0
21295,-1.0
21296,-1.0
21297,-1.0
21298,-1.0
21299,-1.0
21300,-1.0
21301,-1.0
21302,-1.0
21303,-1.0
21304,-1.0
21305,-1.0
21306,-1.0
21307,-1.0
21308,-1.0
21309,-1.0
21310,1.0
21311,-1.0
21312,-1.0
21313,-1.0
21314,-1.0
21315,-1.0
21316,-1.0
21317,-1.0
21318,-1.0
21319,-1.0
21320,-1.0
21321,-1.0
21322,-1.0
21323,-1.0
21324,-1.0
21325,-1.0
21326,-1.0
21327,-1.0
21328,-1.0
21329,-1.0
21330,-1.0
21331,-1.0
21332,-1.0
21333,-1.0
21334,-1.0
21335,-1.0
21336,-1.0
21337,-1.0
21338,-1.0
21339,-1.0
21340,-1.0
21341,-1.0
21342,-1.0
21343,-1.0
21344,-1.0
21345,-1.0
21346,-1.0
21347,-1.0
21348,-1.0
21349,-1.0
21350,-1.0
21351,-1.0
21352,-1.0
21353,-1.0
21354,-1.0
21355,-1.0
21356,-1.0
21357,-1.0
21358,-1.0
21359,-1.0
21360,-1.0
21361,-1.0
21362,-1.0
21363,1.0
21364,-1.0
21365,-1.0
21366,-1.0
21367,-1.0
21368,-1.0
21369,-1.0
21370,-1.0
21371,-1.0
21372,-1.0
21373,-1.0
21374,-1.0
21375,-1.0
21376,-1.0
21377,-1.0
21378,-1.0
21379,-1.0
21380,-1.0
21381,-1.0
21382,-1.0
21383,-1.0
21384,-1.0
21385,-1.0
21386,-1.0
21387,-1.0
21388,-1.0
21389,-1.0
21390,-1.0
21391,-1.0
21392,-1.0
21393,-1.0
21394,-1.0
21395,-1.0
21396,-1.0
21397,-1.0
21398,-1.0
21399,-1.0
21400,-1.0
21401,-1.0
21402,-1.0
21403,-1.0
21404,-1.0
21405,-1.0
21406,-1.0
21407,-1.0
21408,-1.0
21409,-1.0
21410,-1.0
21411,-1.0
21412,-1.0
21413,-1.0
21414,-1.0
21415,-1.0
21416,-1.0
21417,-1.0
21418,-1.0
21419,-1.0
21420,-1.0
21421,-1.0
21422,-1.0
21423,-1.0
21424,-1.0
21425,-1.0
21426,-1.0
21427,-1.0
21428,-1.0
21429,-1.0
21430,-1.0
21431,-1.0
21432,-1.0
21433,-1.0
21434,-1.0
21435,-1.0
21436,-1.0
21437,-1.0
21438,-1.0
21439,-1.0
21440,-1.0
21441,-1.0
21442,-1.0
21443,-1.0
21444,-1.0
21445,-1.0
21446,-1.0
21447,-1.0
21448,-1.0
21449,-1.0
21450,-1.0
21451,-1.0
21452,-1.0
21453,-1.0
21454,-1.0
21455,-1.0
21456,-1.0
21457,-1.0
21458,-1.0
21459,-1.0
21460,-1.0
21461,-1.0
21462,-1.0
21463,-1.0
21464,-1.0
21465,-1.0
21466,-1.0
21467,-1.0
21468,-1.0
21469,-1.0
21470,-1.0
21471,-1.0
21472,-1.0
21473,-1.0
21474,-1.0
21475,-1.0
21476,-1.0
21477,-1.0
21478,-1.0
21479,-1.0
21480,-1.0
21481,-1.0
21482,-1.0
21483,-1.0
21484,-1.0
21485,-1.0
21486,-1.0
21487,-1.0
21488,-1.0
21489,-1.0
21490,-1.0
21491,-1.0
21492,-1.0
21493,-1.0
21494,-1.0
21495,-1.0
21496,-1.0
21497,-1.0
21498,-1.0
21499,-1.0
21500,-1.0
21501,-1.0
21502,-1.0
21503,-1.0
21504,-1.0
21505,-1.0
21506,-1.0
21507,-1.0
21508,-1.0
21509,-1.0
21510,-1.0
21511,-1.0
21512,-1.0
21513,-1.0
21514,-1.0
21515,-1.0
21516,-1.0
21517,-1.0
21518,-1.0
21519,-1.0
21520,-1.0
21521,-1.0
21522,-1.0
21523,-1.0
21524,-1.0
21525,-1.0
21526,-1.0
21527,-1.0
21528,-1.0
21529,-1.0
21530,-1.0
21531,-1.0
21532,-1.0
21533,-1.0
21534,-1.0
21535,-1.0
21536,-1.0
21537,-1.0
21538,-1.0
21539,-1.0
21540,-1.0
21541,-1.0
21542,-1.0
21543,-1.0
21544,-1.0
21545,-1.0
21546,-1.0
21547,-1.0
21548,-1.0
21549,-1.0
21550,-1.0
21551,-1.0
21552,-1.0
21553,-1.0
21554,-1.0
21555,-1.0
21556,-1.0
21557,-1.0
21558,-1.0
21559,-1.0
21560,-1.0
21561,-1.0
21562,-1.0
21563,-1.0
21564,-1.0
21565,-1.0
21566,-1.0
21567,-1.0
21568,-1.0
21569,-1.0
21570,-1.0
21571,-1.0
21572,-1.0
21573,-1.0
21574,1.0
21575,-1.0
21576,-1.0
21577,-1.0
21578,-1.0
21579,-1.0
21580,-1.0
21581,-1.0
21582,-1.0
21583,-1.0
21584,-1.0
21585,-1.0
21586,-1.0
21587,-1.0
21588,-1.0
21589,-1.0
21590,-1.0
21591,-1.0
21592,-1.0
21593,-1.0
21594,-1.0
21595,-1.0
21596,-1.0
21597,-1.0
21598,-1.0
21599,-1.0
21600,-1.0
21601,-1.0
21602,-1.0
21603,-1.0
21604,-1.0
21605,-1.0
21606,-1.0
21607,-1.0
21608,-1.0
21609,-1.0
21610,-1.0
21611,-1.0
21612,-1.0
21613,-1.0
21614,1.0
21615,-1.0
21616,-1.0
21617,-1.0
21618,-1.0
21619,-1.0
21620,-1.0
21621,-1.0
21622,-1.0
21623,-1.0
21624,-1.0
21625,-1.0
21626,-1.0
21627,-1.0
21628,-1.0
21629,-1.0
21630,-1.0
21631,-1.0
21632,-1.0
21633,-1.0
21634,-1.0
21635,1.0
21636,-1.0
21637,-1.0
21638,-1.0
21639,-1.0
21640,-1.0
21641,-1.0
21642,-1.0
21643,-1.0
21644,-1.0
21645,-1.0
21646,-1.0
21647,-1.0
21648,-1.0
21649,-1.0
21650,-1.0
21651,-1.0
21652,-1.0
21653,-1.0
21654,-1.0
21655,-1.0
21656,-1.0
21657,-1.0
21658,-1.0
21659,-1.0
21660,-1.0
21661,-1.0
21662,-1.0
21663,-1.0
21664,-1.0
21665,-1.0
21666,-1.0
21667,-1.0
21668,-1.0
21669,-1.0
21670,-1.0
21671,-1.0
21672,-1.0
21673,-1.0
21674,-1.0
21675,-1.0
21676,-1.0
21677,-1.0
21678,-1.0
21679,-1.0
21680,-1.0
21681,-1.0
21682,-1.0
21683,-1.0
21684,-1.0
21685,-1.0
21686,-1.0
21687,-1.0
21688,-1.0
21689,-1.0
21690,-1.0
21691,-1.0
21692,-1.0
21693,-1.0
21694,-1.0
21695,-1.0
21696,-1.0
21697,-1.0
21698,-1.0
21699,-1.0
21700,-1.0
21701,-1.0
21702,-1.0
21703,-1.0
21704,-1.0
21705,-1.0
21706,-1.0
21707,-1.0
21708,-1.0
21709,-1.0
21710,-1.0
21711,-1.0
21712,-1.0
21713,-1.0
21714,-1.0
21715,-1.0
21716,-1.0
21717,-1.0
21718,-1.0
21719,-1.0
21720,-1.0
21721,-1.0
21722,-1.0
21723,-1.0
21724,-1.0
21725,-1.0
21726,-1.0
21727,1.0
21728,-1.0
21729,-1.0
21730,-1.0
21731,-1.0
21732,-1.0
21733,-1.0
21734,-1.0
21735,-1.0
21736,-1.0
21737,-1.0
21738,-1.0
21739,-1.0
21740,-1.0
21741,-1.0
21742,-1.0
21743,-1.0
21744,-1.0
21745,-1.0
21746,-1.0
21747,-1.0
21748,-1.0
21749,-1.0
21750,-1.0
21751,-1.0
21752,-1.0
21753,-1.0
21754,-1.0
21755,-1.0
21756,-1.0
21757,-1.0
21758,-1.0
21759,-1.0
21760,-1.0
21761,-1.0
21762,-1.0
21763,-1.0
21764,-1.0
21765,-1.0
21766,-1.0
21767,-1.0
21768,-1.0
21769,-1.0
21770,-1.0
21771,-1.0
21772,-1.0
21773,-1.0
21774,-1.0
21775,-1.0
21776,-1.0
21777,-1.0
21778,-1.0
21779,-1.0
21780,-1.0
21781,-1.0
21782,-1.0
21783,-1.0
21784,-1.0
21785,-1.0
21786,-1.0
21787,-1.0
21788,-1.0
21789,-1.0
21790,-1.0
21791,-1.0
21792,-1.0
21793,-1.0
21794,-1.0
21795,-1.0
21796,-1.0
21797,-1.0
21798,-1.0
21799,-1.0
21800,-1.0
21801,-1.0
21802,-1.0
21803,-1.0
21804,-1.0
21805,-1.0
21806,-1.0
21807,-1.0
21808,-1.0
21809,-1.0
21810,-1.0
21811,-1.0
21812,-1.0
21813,-1.0
21814,-1.0
21815,-1.0
21816,-1.0
21817,-1.0
21818,-1.0
21819,-1.0
21820,-1.0
21821,-1.0
21822,-1.0
21823,-1.0
21824,-1.0
21825,-1.0
21826,-1.0
21827,-1.0
21828,-1.0
21829,-1.0
21830,-1.0
21831,-1.0
21832,-1.0
21833,1.0
21834,-1.0
21835,-1.0
21836,-1.0
21837,-1.0
21838,-1.0
21839,-1.0
21840,-1.0
21841,-1.0
21842,-1.0
21843,-1.0
21844,-1.0
21845,-1.0
21846,-1.0
21847,-1.0
21848,-1.0
21849,-1.0
21850,-1.0
21851,-1.0
21852,-1.0
21853,-1.0
21854,-1.0
21855,-1.0
21856,-1.0
21857,-1.0
21858,-1.0
21859,-1.0
21860,-1.0
21861,-1.0
21862,-1.0
21863,-1.0
21864,-1.0
21865,-1.0
21866,-1.0
21867,-1.0
21868,-1.0
21869,-1.0
21870,-1.0
21871,-1.0
21872,-1.0
21873,-1.0
21874,-1.0
21875,-1.0
21876,-1.0
21877,-1.0
21878,-1.0
21879,-1.0
21880,-1.0
21881,-1.0
21882,-1.0
21883,1.0
21884,-1.0
21885,-1.0
21886,-1.0
21887,-1.0
21888,-1.0
21889,-1.0
21890,-1.0
21891,-1.0
21892,-1.0
21893,-1.0
21894,-1.0
21895,1.0
21896,-1.0
21897,-1.0
21898,-1.0
21899,-1.0
21900,-1.0
21901,-1.0
21902,-1.0
21903,-1.0
21904,-1.0
21905,-1.0
21906,-1.0
21907,-1.0
21908,-1.0
21909,-1.0
21910,-1.0
21911,-1.0
21912,-1.0
21913,-1.0
21914,-1.0
21915,-1.0
21916,-1.0
21917,-1.0
21918,-1.0
21919,-1.0
21920,-1.0
21921,-1.0
21922,-1.0
21923,-1.0
21924,-1.0
21925,-1.0
21926,-1.0
21927,-1.0
21928,-1.0
21929,-1.0
21930,-1.0
21931,-1.0
21932,-1.0
21933,-1.0
21934,-1.0
21935,-1.0
21936,-1.0
21937,-1.0
21938,-1.0
21939,-1.0
21940,-1.0
21941,-1.0
21942,-1.0
21943,-1.0
21944,-1.0
21945,-1.0
21946,-1.0
21947,-1.0
21948,-1.0
21949,-1.0
21950,-1.0
21951,-1.0
21952,-1.0
21953,-1.0
21954,-1.0
21955,-1.0
21956,-1.0
21957,-1.0
21958,-1.0
21959,-1.0
21960,-1.0
21961,-1.0
21962,-1.0
21963,-1.0
21964,-1.0
21965,-1.0
21966,-1.0
21967,-1.0
21968,-1.0
21969,-1.0
21970,-1.0
21971,-1.0
21972,-1.0
21973,-1.0
21974,-1.0
21975,-1.0
21976,-1.0
21977,-1.0
21978,-1.0
21979,-1.0
21980,-1.0
21981,-1.0
21982,-1.0
21983,1.0
21984,-1.0
21985,-1.0
21986,-1.0
21987,-1.0
21988,-1.0
21989,-1.0
21990,-1.0
21991,-1.0
21992,-1.0
21993,-1.0
21994,-1.0
21995,-1.0
21996,-1.0
21997,-1.0
21998,-1.0
21999,-1.0
22000,-1.0
22001,-1.0
22002,-1.0
22003,-1.0
22004,-1.0
22005,-1.0
22006,-1.0
22007,-1.0
22008,-1.0
22009,-1.0
22010,1.0
22011,-1.0
22012,-1.0
22013,-1.0
22014,-1.0
22015,-1.0
22016,-1.0
22017,-1.0
22018,-1.0
22019,-1.0
22020,-1.0
22021,-1.0
22022,-1.0
22023,-1.0
22024,-1.0
22025,-1.0
22026,-1.0
22027,-1.0
22028,1.0
22029,-1.0
22030,-1.0
22031,-1.0
22032,-1.0
22033,-1.0
22034,-1.0
22035,-1.0
22036,-1.0
22037,-1.0
22038,-1.0
22039,-1.0
22040,-1.0
22041,-1.0
22042,-1.0
22043,-1.0
22044,-1.0
22045,-1.0
22046,-1.0
22047,-1.0
22048,-1.0
22049,-1.0
22050,-1.0
22051,1.0
22052,-1.0
22053,-1.0
22054,-1.0
22055,-1.0
22056,-1.0
22057,-1.0
22058,-1.0
22059,-1.0
22060,-1.0
22061,-1.0
22062,-1.0
22063,-1.0
22064,-1.0
22065,-1.0
22066,-1.0
22067,-1.0
22068,-1.0
22069,-1.0
22070,-1.0
22071,-1.0
22072,-1.0
22073,-1.0
22074,-1.0
22075,-1.0
22076,-1.0
22077,-1.0
22078,-1.0
22079,-1.0
22080,-1.0
22081,-1.0
22082,-1.0
22083,-1.0
22084,-1.0
22085,-1.0
22086,-1.0
22087,-1.0
22088,-1.0
22089,-1.0
22090,-1.0
22091,-1.0
22092,-1.0
22093,1.0
22094,-1.0
22095,-1.0
22096,-1.0
22097,-1.0
22098,-1.0
22099,-1.0
22100,-1.0
22101,-1.0
22102,-1.0
22103,-1.0
22104,-1.0
22105,-1.0
22106,-1.0
22107,-1.0
22108,-1.0
22109,-1.0
22110,-1.0
22111,-1.0
22112,-1.0
22113,1.0
22114,-1.0
22115,-1.0
22116,-1.0
22117,-1.0
22118,-1.0
22119,-1.0
22120,-1.0
22121,-1.0
22122,-1.0
22123,-1.0
22124,-1.0
22125,-1.0
22126,-1.0
22127,-1.0
22128,-1.0
22129,-1.0
22130,-1.0
22131,-1.0
22132,-1.0
22133,-1.0
22134,-1.0
22135,-1.0
22136,-1.0
22137,-1.0
22138,-1.0
22139,-1.0
22140,-1.0
22141,-1.0
22142,-1.0
22143,-1.0
22144,-1.0
22145,-1.0
22146,-1.0
22147,-1.0
22148,-1.0
22149,-1.0
22150,-1.0
22151,-1.0
22152,-1.0
22153,-1.0
22154,-1.0
22155,-1.0
22156,-1.0
22157,-1.0
22158,-1.0
22159,-1.0
22160,-1.0
22161,-1.0
22162,-1.0
22163,-1.0
22164,-1.0
22165,-1.0
22166,-1.0
22167,-1.0
22168,-1.0
22169,-1.0
22170,-1.0
22171,-1.0
22172,-1.0
22173,-1.0
22174,-1.0
22175,1.0
22176,-1.0
22177,-1.0
22178,-1.0
22179,-1.0
22180,-1.0
22181,-1.0
22182,-1.0
22183,-1.0
22184,-1.0
22185,-1.0
22186,-1.0
22187,-1.0
22188,-1.0
22189,-1.0
22190,-1.0
22191,-1.0
22192,-1.0
22193,-1.0
22194,-1.0
22195,-1.0
22196,-1.0
22197,-1.0
22198,-1.0
22199,-1.0
22200,-1.0
22201,-1.0
22202,-1.0
22203,-1.0
22204,-1.0
22205,-1.0
22206,-1.0
22207,-1.0
22208,-1.0
22209,-1.0
22210,-1.0
22211,-1.0
22212,-1.0
22213,-1.0
22214,-1.0
22215,-1.0
22216,-1.0
22217,-1.0
22218,-1.0
22219,-1.0
22220,-1.0
22221,-1.0
22222,-1.0
22223,-1.0
22224,-1.0
22225,-1.0
22226,-1.0
22227,-1.0
22228,-1.0
22229,-1.0
22230,-1.0
22231,-1.0
22232,-1.0
22233,-1.0
22234,-1.0
22235,-1.0
22236,-1.0
22237,-1.0
22238,-1.0
22239,-1.0
22240,-1.0
22241,-1.0
22242,-1.0
22243,-1.0
22244,-1.0
22245,-1.0
22246,-1.0
22247,-1.0
22248,-1.0
22249,-1.0
22250,-1.0
22251,-1.0
22252,-1.0
22253,-1.0
22254,-1.0
22255,-1.0
22256,-1.0
22257,-1.0
22258,-1.0
22259,-1.0
22260,-1.0
22261,-1.0
22262,-1.0
22263,1.0
22264,-1.0
22265,-1.0
22266,-1.0
22267,-1.0
22268,-1.0
22269,-1.0
22270,-1.0
22271,1.0
22272,-1.0
22273,-1.0
22274,-1.0
22275,-1.0
22276,-1.0
22277,-1.0
22278,-1.0
22279,-1.0
22280,-1.0
22281,-1.0
22282,-1.0
22283,-1.0
22284,-1.0
22285,-1.0
22286,-1.0
22287,-1.0
22288,-1.0
22289,-1.0
22290,-1.0
22291,-1.0
22292,-1.0
22293,-1.0
22294,-1.0
22295,-1.0
22296,-1.0
22297,-1.0
22298,-1.0
22299,-1.0
22300,-1.0
22301,-1.0
22302,-1.0
22303,-1.0
22304,-1.0
22305,-1.0
22306,-1.0
22307,-1.0
22308,-1.0
22309,-1.0
22310,-1.0
22311,-1.0
22312,-1.0
22313,-1.0
22314,-1.0
22315,-1.0
22316,-1.0
22317,-1.0
22318,-1.0
22319,-1.0
22320,-1.0
22321,-1.0
22322,-1.0
22323,-1.0
22324,-1.0
22325,-1.0
22326,-1.0
22327,-1.0
22328,-1.0
22329,-1.0
22330,-1.0
22331,-1.0
22332,-1.0
22333,-1.0
22334,-1.0
22335,-1.0
22336,-1.0
22337,-1.0
22338,-1.0
22339,-1.0
22340,-1.0
22341,-1.0
22342,-1.0
22343,-1.0
22344,-1.0
22345,-1.0
22346,-1.0
22347,-1.0
22348,-1.0
22349,-1.0
22350,-1.0
22351,-1.0
22352,-1.0
22353,-1.0
22354,-1.0
22355,-1.0
22356,-1.0
22357,-1.0
22358,-1.0
22359,-1.0
22360,-1.0
22361,-1.0
22362,-1.0
22363,-1.0
22364,-1.0
22365,-1.0
22366,-1.0
22367,-1.0
22368,-1.0
22369,-1.0
22370,-1.0
22371,-1.0
22372,-1.0
22373,-1.0
22374,-1.0
22375,-1.0
22376,-1.0
22377,-1.0
22378,-1.0
22379,-1.0
22380,-1.0
22381,1.0
22382,-1.0
22383,-1.0
22384,-1.0
22385,-1.0
22386,-1.0
22387,-1.0
22388,-1.0
22389,-1.0
22390,-1.0
22391,-1.0
22392,-1.0
22393,-1.0
22394,-1.0
22395,-1.0
22396,-1.0
22397,-1.0
22398,-1.0
22399,1.0
22400,-1.0
22401,-1.0
22402,-1.0
22403,-1.0
22404,-1.0
22405,-1.0
22406,-1.0
22407,-1.0
22408,-1.0
22409,-1.0
22410,-1.0
22411,-1.0
22412,-1.0
22413,-1.0
22414,-1.0
22415,-1.0
22416,-1.0
22417,-1.0
22418,-1.0
22419,-1.0
22420,-1.0
22421,-1.0
22422,-1.0
22423,-1.0
22424,-1.0
22425,1.0
22426,-1.0
22427,-1.0
22428,-1.0
22429,-1.0
22430,-1.0
22431,-1.0
22432,-1.0
22433,-1.0
22434,-1.0
22435,-1.0
22436,-1.0
22437,-1.0
22438,-1.0
22439,-1.0
22440,-1.0
22441,-1.0
22442,-1.0
22443,-1.0
22444,-1.0
22445,-1.0
22446,-1.0
22447,-1.0
22448,-1.0
22449,-1.0
22450,-1.0
22451,-1.0
22452,-1.0
22453,-1.0
22454,-1.0
22455,-1.0
22456,-1.0
22457,-1.0
22458,-1.0
22459,-1.0
22460,-1.0
22461,-1.0
22462,-1.0
22463,-1.0
22464,-1.0
22465,-1.0
22466,-1.0
22467,-1.0
22468,-1.0
22469,-1.0
22470,-1.0
22471,-1.0
22472,-1.0
22473,-1.0
22474,-1.0
22475,-1.0
22476,-1.0
22477,-1.0
22478,-1.0
22479,-1.0
22480,-1.0
22481,-1.0
22482,-1.0
22483,-1.0
22484,-1.0
22485,-1.0
22486,-1.0
22487,-1.0
22488,1.0
22489,-1.0
22490,-1.0
22491,-1.0
22492,-1.0
22493,-1.0
22494,-1.0
22495,-1.0
22496,-1.0
22497,-1.0
22498,-1.0
22499,-1.0
22500,-1.0
22501,-1.0
22502,-1.0
22503,-1.0
22504,-1.0
22505,-1.0
22506,-1.0
22507,-1.0
22508,1.0
22509,-1.0
22510,-1.0
22511,-1.0
22512,-1.0
22513,-1.0
22514,-1.0
22515,-1.0
22516,-1.0
22517,-1.0
22518,-1.0
22519,-1.0
22520,-1.0
22521,-1.0
22522,-1.0
22523,-1.0
22524,-1.0
22525,-1.0
22526,-1.0
22527,-1.0
22528,-1.0
22529,-1.0
22530,-1.0
22531,-1.0
22532,-1.0
22533,-1.0
22534,-1.0
22535,-1.0
22536,-1.0
22537,-1.0
22538,-1.0
22539,-1.0
22540,-1.0
22541,-1.0
22542,-1.0
22543,-1.0
22544,-1.0
22545,-1.0
22546,-1.0
22547,-1.0
22548,-1.0
22549,-1.0
22550,-1.0
22551,-1.0
22552,-1.0
22553,-1.0
22554,-1.0
22555,-1.0
22556,-1.0
22557,-1.0
22558,-1.0
22559,-1.0
22560,-1.0
22561,1.0
22562,-1.0
22563,-1.0
22564,-1.0
22565,-1.0
22566,-1.0
22567,-1.0
22568,-1.0
22569,-1.0
22570,-1.0
22571,1.0
22572,-1.0
22573,1.0
22574,-1.0
22575,-1.0
22576,-1.0
22577,-1.0
22578,-1.0
22579,-1.0
22580,-1.0
22581,-1.0
22582,-1.0
22583,-1.0
22584,-1.0
22585,-1.0
22586,-1.0
22587,-1.0
22588,-1.0
22589,-1.0
22590,-1.0
22591,-1.0
22592,-1.0
22593,-1.0
22594,-1.0
22595,-1.0
22596,1.0
22597,-1.0
22598,-1.0
22599,-1.0
22600,-1.0
22601,-1.0
22602,-1.0
22603,-1.0
22604,-1.0
22605,-1.0
22606,-1.0
22607,-1.0
22608,-1.0
22609,-1.0
22610,-1.0
22611,-1.0
22612,-1.0
22613,-1.0
22614,-1.0
22615,1.0
22616,-1.0
22617,-1.0
22618,-1.0
22619,-1.0
22620,-1.0
22621,-1.0
22622,-1.0
22623,-1.0
22624,-1.0
22625,-1.0
22626,-1.0
22627,-1.0
22628,-1.0
22629,-1.0
22630,-1.0
22631,-1.0
22632,-1.0
22633,-1.0
22634,-1.0
22635,-1.0
22636,-1.0
22637,-1.0
22638,-1.0
22639,-1.0
22640,-1.0
22641,-1.0
22642,-1.0
22643,-1.0
22644,-1.0
22645,-1.0
22646,-1.0
22647,1.0
22648,-1.0
22649,-1.0
22650,-1.0
22651,-1.0
22652,-1.0
22653,-1.0
22654,-1.0
22655,-1.0
22656,-1.0
22657,-1.0
22658,-1.0
22659,-1.0
22660,-1.0
22661,-1.0
22662,-1.0
22663,-1.0
22664,-1.0
22665,1.0
22666,-1.0
22667,-1.0
22668,-1.0
22669,1.0
22670,-1.0
22671,-1.0
22672,-1.0
22673,-1.0
22674,-1.0
22675,-1.0
22676,-1.0
22677,-1.0
22678,-1.0
22679,-1.0
22680,-1.0
22681,-1.0
22682,-1.0
22683,-1.0
22684,-1.0
22685,-1.0
22686,-1.0
22687,-1.0
22688,-1.0
22689,-1.0
22690,-1.0
22691,-1.0
22692,-1.0
22693,-1.0
22694,-1.0
22695,-1.0
22696,-1.0
22697,-1.0
22698,-1.0
22699,-1.0
22700,1.0
22701,-1.0
22702,-1.0
22703,-1.0
22704,-1.0
22705,-1.0
22706,-1.0
22707,-1.0
22708,-1.0
22709,-1.0
22710,-1.0
22711,-1.0
22712,-1.0
22713,-1.0
22714,-1.0
22715,-1.0
22716,-1.0
22717,-1.0
22718,-1.0
22719,-1.0
22720,-1.0
22721,-1.0
22722,-1.0
22723,-1.0
22724,-1.0
22725,-1.0
22726,-1.0
22727,-1.0
22728,-1.0
22729,-1.0
22730,-1.0
22731,-1.0
22732,-1.0
22733,-1.0
22734,-1.0
22735,-1.0
22736,-1.0
22737,1.0
22738,-1.0
22739,-1.0
22740,-1.0
22741,-1.0
22742,-1.0
22743,-1.0
22744,-1.0
22745,-1.0
22746,-1.0
22747,-1.0
22748,-1.0
22749,-1.0
22750,-1.0
22751,-1.0
22752,-1.0
22753,-1.0
22754,-1.0
22755,-1.0
22756,-1.0
22757,-1.0
22758,-1.0
22759,-1.0
22760,-1.0
22761,-1.0
22762,-1.0
22763,-1.0
22764,-1.0
22765,-1.0
22766,-1.0
22767,-1.0
22768,-1.0
22769,-1.0
22770,-1.0
22771,-1.0
22772,-1.0
22773,-1.0
22774,-1.0
22775,-1.0
22776,-1.0
22777,-1.0
22778,-1.0
22779,-1.0
22780,-1.0
22781,-1.0
22782,-1.0
22783,-1.0
22784,-1.0
22785,-1.0
22786,-1.0
22787,-1.0
22788,-1.0
22789,-1.0
22790,-1.0
22791,-1.0
22792,-1.0
22793,-1.0
22794,-1.0
22795,-1.0
22796,-1.0
22797,-1.0
22798,-1.0
22799,-1.0
22800,-1.0
22801,-1.0
22802,-1.0
22803,-1.0
22804,-1.0
22805,-1.0
22806,-1.0
22807,-1.0
22808,-1.0
22809,-1.0
22810,-1.0
22811,-1.0
22812,-1.0
22813,-1.0
22814,-1.0
22815,-1.0
22816,-1.0
22817,-1.0
22818,-1.0
22819,-1.0
22820,-1.0
22821,-1.0
22822,-1.0
22823,-1.0
22824,-1.0
22825,-1.0
22826,-1.0
22827,-1.0
22828,-1.0
22829,-1.0
22830,-1.0
22831,-1.0
22832,-1.0
22833,-1.0
22834,-1.0
22835,-1.0
22836,-1.0
22837,-1.0
22838,-1.0
22839,-1.0
22840,-1.0
22841,-1.0
22842,-1.0
22843,-1.0
22844,-1.0
22845,-1.0
22846,-1.0
22847,-1.0
22848,-1.0
22849,-1.0
22850,-1.0
22851,-1.0
22852,-1.0
22853,-1.0
22854,-1.0
22855,-1.0
22856,-1.0
22857,-1.0
22858,-1.0
22859,-1.0
22860,-1.0
22861,-1.0
22862,-1.0
22863,-1.0
22864,-1.0
22865,-1.0
22866,-1.0
22867,-1.0
22868,-1.0
22869,-1.0
22870,-1.0
22871,-1.0
22872,-1.0
22873,-1.0
22874,-1.0
22875,-1.0
22876,-1.0
22877,-1.0
22878,-1.0
22879,-1.0
22880,-1.0
22881,-1.0
22882,-1.0
22883,-1.0
22884,-1.0
22885,-1.0
22886,-1.0
22887,-1.0
22888,-1.0
22889,-1.0
22890,-1.0
22891,-1.0
22892,-1.0
22893,-1.0
22894,-1.0
22895,-1.0
22896,-1.0
22897,-1.0
22898,-1.0
22899,-1.0
22900,-1.0
22901,-1.0
22902,-1.0
22903,-1.0
22904,-1.0
22905,-1.0
22906,-1.0
22907,-1.0
22908,-1.0
22909,-1.0
22910,-1.0
22911,-1.0
22912,-1.0
22913,-1.0
22914,-1.0
22915,-1.0
22916,-1.0
22917,-1.0
22918,-1.0
22919,-1.0
22920,-1.0
22921,-1.0
22922,-1.0
22923,-1.0
22924,-1.0
22925,-1.0
22926,-1.0
22927,-1.0
22928,-1.0
22929,-1.0
22930,-1.0
22931,-1.0
22932,-1.0
22933,-1.0
22934,-1.0
22935,-1.0
22936,-1.0
22937,-1.0
22938,-1.0
22939,-1.0
22940,-1.0
22941,-1.0
22942,-1.0
22943,-1.0
22944,-1.0
22945,-1.0
22946,-1.0
22947,-1.0
22948,-1.0
22949,-1.0
22950,-1.0
22951,-1.0
22952,-1.0
22953,-1.0
22954,-1.0
22955,-1.0
22956,-1.0
22957,-1.0
22958,-1.0
22959,-1.0
22960,-1.0
22961,-1.0
22962,-1.0
22963,-1.0
22964,-1.0
22965,-1.0
22966,-1.0
22967,-1.0
22968,-1.0
22969,-1.0
22970,-1.0
22971,-1.0
22972,-1.0
22973,-1.0
22974,-1.0
22975,-1.0
22976,-1.0
22977,-1.0
22978,-1.0
22979,-1.0
22980,-1.0
22981,-1.0
22982,-1.0
22983,-1.0
22984,-1.0
22985,-1.0
22986,-1.0
22987,-1.0
22988,-1.0
22989,-1.0
22990,-1.0
22991,-1.0
22992,-1.0
22993,-1.0
22994,-1.0
22995,-1.0
22996,-1.0
22997,-1.0
22998,-1.0
22999,-1.0
23000,-1.0
23001,-1.0
23002,-1.0
23003,-1.0
23004,-1.0
23005,-1.0
23006,-1.0
23007,-1.0
23008,-1.0
23009,-1.0
23010,-1.0
23011,-1.0
23012,-1.0
23013,-1.0
23014,-1.0
23015,-1.0
23016,-1.0
23017,-1.0
23018,-1.0
23019,-1.0
23020,-1.0
23021,-1.0
23022,-1.0
23023,-1.0
23024,-1.0
23025,-1.0
23026,-1.0
23027,-1.0
23028,-1.0
23029,-1.0
23030,-1.0
23031,-1.0
23032,-1.0
23033,-1.0
23034,-1.0
23035,-1.0
23036,1.0
23037,-1.0
23038,-1.0
23039,-1.0
23040,-1.0
23041,-1.0
23042,-1.0
23043,-1.0
23044,-1.0
23045,-1.0
23046,-1.0
23047,-1.0
23048,-1.0
23049,-1.0
23050,-1.0
23051,-1.0
23052,-1.0
23053,-1.0
23054,-1.0
23055,-1.0
23056,1.0
23057,-1.0
23058,-1.0
23059,-1.0
23060,-1.0
23061,-1.0
23062,-1.0
23063,-1.0
23064,-1.0
23065,-1.0
23066,-1.0
23067,-1.0
23068,-1.0
23069,-1.0
23070,-1.0
23071,-1.0
23072,-1.0
23073,-1.0
23074,-1.0
23075,-1.0
23076,1.0
23077,-1.0
23078,-1.0
23079,-1.0
23080,-1.0
23081,-1.0
23082,-1.0
23083,-1.0
23084,-1.0
23085,1.0
23086,-1.0
23087,-1.0
23088,-1.0
23089,-1.0
23090,-1.0
23091,-1.0
23092,-1.0
23093,-1.0
23094,-1.0
23095,-1.0
23096,-1.0
23097,-1.0
23098,1.0
23099,-1.0
23100,-1.0
23101,-1.0
23102,-1.0
23103,1.0
23104,-1.0
23105,-1.0
23106,-1.0
23107,-1.0
23108,-1.0
23109,-1.0
23110,-1.0
23111,-1.0
23112,1.0
23113,-1.0
23114,-1.0
23115,-1.0
23116,-1.0
23117,-1.0
23118,-1.0
23119,-1.0
23120,-1.0
23121,-1.0
23122,-1.0
23123,-1.0
23124,-1.0
23125,-1.0
23126,-1.0
23127,-1.0
23128,-1.0
23129,-1.0
23130,-1.0
23131,-1.0
23132,-1.0
23133,-1.0
23134,-1.0
23135,-1.0
23136,-1.0
23137,-1.0
23138,-1.0
23139,-1.0
23140,-1.0
23141,-1.0
23142,-1.0
23143,-1.0
23144,-1.0
23145,-1.0
23146,-1.0
23147,-1.0
23148,-1.0
23149,-1.0
23150,-1.0
23151,1.0
23152,-1.0
23153,-1.0
23154,1.0
23155,-1.0
23156,-1.0
23157,-1.0
23158,-1.0
23159,-1.0
23160,-1.0
23161,-1.0
23162,-1.0
23163,-1.0
23164,-1.0
23165,-1.0
23166,-1.0
23167,-1.0
23168,-1.0
23169,-1.0
23170,-1.0
23171,-1.0
23172,-1.0
23173,-1.0
23174,-1.0
23175,-1.0
23176,-1.0
23177,-1.0
23178,-1.0
23179,-1.0
23180,-1.0
23181,1.0
23182,-1.0
23183,-1.0
23184,-1.0
23185,-1.0
23186,-1.0
23187,-1.0
23188,-1.0
23189,-1.0
23190,-1.0
23191,-1.0
23192,-1.0
23193,-1.0
23194,-1.0
23195,-1.0
23196,-1.0
23197,-1.0
23198,-1.0
23199,-1.0
23200,-1.0
23201,-1.0
23202,-1.0
23203,-1.0
23204,-1.0
23205,-1.0
23206,-1.0
23207,-1.0
23208,-1.0
23209,-1.0
23210,-1.0
23211,1.0
23212,-1.0
23213,-1.0
23214,-1.0
23215,-1.0
23216,-1.0
23217,-1.0
23218,-1.0
23219,-1.0
23220,-1.0
23221,1.0
23222,-1.0
23223,-1.0
23224,-1.0
23225,-1.0
23226,-1.0
23227,-1.0
23228,-1.0
23229,-1.0
23230,-1.0
23231,-1.0
23232,-1.0
23233,-1.0
23234,-1.0
23235,-1.0
23236,-1.0
23237,-1.0
23238,-1.0
23239,-1.0
23240,-1.0
23241,-1.0
23242,-1.0
23243,-1.0
23244,-1.0
23245,-1.0
23246,-1.0
23247,-1.0
23248,-1.0
23249,-1.0
23250,-1.0
23251,-1.0
23252,-1.0
23253,-1.0
23254,-1.0
23255,-1.0
23256,-1.0
23257,-1.0
23258,-1.0
23259,-1.0
23260,-1.0
23261,-1.0
23262,-1.0
23263,-1.0
23264,-1.0
23265,-1.0
23266,-1.0
23267,-1.0
23268,-1.0
23269,-1.0
23270,1.0
23271,-1.0
23272,-1.0
23273,-1.0
23274,1.0
23275,-1.0
23276,-1.0
23277,-1.0
23278,-1.0
23279,-1.0
23280,-1.0
23281,-1.0
23282,-1.0
23283,-1.0
23284,-1.0
23285,-1.0
23286,-1.0
23287,-1.0
23288,-1.0
23289,-1.0
23290,-1.0
23291,-1.0
23292,-1.0
23293,-1.0
23294,-1.0
23295,-1.0
23296,-1.0
23297,-1.0
23298,-1.0
23299,-1.0
23300,-1.0
23301,-1.0
23302,-1.0
23303,-1.0
23304,-1.0
23305,-1.0
23306,-1.0
23307,1.0
23308,-1.0
23309,-1.0
23310,-1.0
23311,-1.0
23312,-1.0
23313,-1.0
23314,-1.0
23315,-1.0
23316,-1.0
23317,-1.0
23318,-1.0
23319,-1.0
23320,-1.0
23321,-1.0
23322,-1.0
23323,-1.0
23324,-1.0
23325,-1.0
23326,-1.0
23327,-1.0
23328,-1.0
23329,-1.0
23330,-1.0
23331,-1.0
23332,-1.0
23333,-1.0
23334,-1.0
23335,-1.0
23336,-1.0
23337,-1.0
23338,-1.0
23339,-1.0
23340,-1.0
23341,-1.0
23342,-1.0
23343,-1.0
23344,-1.0
23345,-1.0
23346,-1.0
23347,-1.0
23348,-1.0
23349,-1.0
23350,-1.0
23351,-1.0
23352,-1.0
23353,-1.0
23354,-1.0
23355,-1.0
23356,-1.0
23357,1.0
23358,-1.0
23359,-1.0
23360,-1.0
23361,-1.0
23362,-1.0
23363,-1.0
23364,-1.0
23365,-1.0
23366,-1.0
23367,-1.0
23368,-1.0
23369,-1.0
23370,-1.0
23371,-1.0
23372,-1.0
23373,-1.0
23374,-1.0
23375,-1.0
23376,-1.0
23377,-1.0
23378,-1.0
23379,-1.0
23380,-1.0
23381,-1.0
23382,-1.0
23383,-1.0
23384,-1.0
23385,-1.0
23386,-1.0
23387,-1.0
23388,-1.0
23389,-1.0
23390,-1.0
23391,-1.0
23392,-1.0
23393,-1.0
23394,-1.0
23395,-1.0
23396,-1.0
23397,-1.0
23398,-1.0
23399,-1.0
23400,-1.0
23401,-1.0
23402,-1.0
23403,-1.0
23404,-1.0
23405,-1.0
23406,-1.0
23407,-1.0
23408,-1.0
23409,-1.0
23410,-1.0
23411,-1.0
23412,-1.0
23413,-1.0
23414,-1.0
23415,-1.0
23416,-1.0
23417,-1.0
23418,-1.0
23419,-1.0
23420,-1.0
23421,-1.0
23422,-1.0
23423,-1.0
23424,-1.0
23425,-1.0
23426,-1.0
23427,-1.0
23428,-1.0
23429,-1.0
23430,-1.0
23431,-1.0
23432,-1.0
23433,-1.0
23434,-1.0
23435,-1.0
23436,-1.0
23437,-1.0
23438,-1.0
23439,-1.0
23440,-1.0
23441,-1.0
23442,-1.0
23443,-1.0
23444,-1.0
23445,-1.0
23446,-1.0
23447,-1.0
23448,-1.0
23449,-1.0
23450,-1.0
23451,-1.0
23452,-1.0
23453,-1.0
23454,-1.0
23455,-1.0
23456,-1.0
23457,-1.0
23458,-1.0
23459,-1.0
23460,-1.0
23461,-1.0
23462,-1.0
23463,-1.0
23464,-1.0
23465,-1.0
23466,-1.0
23467,-1.0
23468,-1.0
23469,-1.0
23470,-1.0
23471,1.0
23472,-1.0
23473,-1.0
23474,-1.0
23475,-1.0
23476,-1.0
23477,-1.0
23478,-1.0
23479,-1.0
23480,-1.0
23481,-1.0
23482,-1.0
23483,-1.0
23484,-1.0
23485,-1.0
23486,-1.0
23487,-1.0
23488,-1.0
23489,-1.0
23490,-1.0
23491,-1.0
23492,-1.0
23493,-1.0
23494,-1.0
23495,-1.0
23496,-1.0
23497,-1.0
23498,-1.0
23499,-1.0
23500,-1.0
23501,-1.0
23502,-1.0
23503,-1.0
23504,-1.0
23505,-1.0
23506,-1.0
23507,-1.0
23508,-1.0
23509,1.0
23510,-1.0
23511,-1.0
23512,-1.0
23513,-1.0
23514,-1.0
23515,-1.0
23516,-1.0
23517,-1.0
23518,-1.0
23519,-1.0
23520,-1.0
23521,-1.0
23522,-1.0
23523,-1.0
23524,-1.0
23525,-1.0
23526,-1.0
23527,-1.0
23528,-1.0
23529,-1.0
23530,-1.0
23531,-1.0
23532,1.0
23533,-1.0
23534,-1.0
23535,-1.0
23536,-1.0
23537,-1.0
23538,-1.0
23539,-1.0
23540,-1.0
23541,-1.0
23542,-1.0
23543,-1.0
23544,-1.0
23545,-1.0
23546,-1.0
23547,-1.0
23548,-1.0
23549,-1.0
23550,-1.0
23551,-1.0
23552,-1.0
23553,-1.0
23554,-1.0
23555,-1.0
23556,-1.0
23557,-1.0
23558,-1.0
23559,-1.0
23560,-1.0
23561,-1.0
23562,-1.0
23563,-1.0
23564,-1.0
23565,-1.0
23566,-1.0
23567,-1.0
23568,-1.0
23569,-1.0
23570,-1.0
23571,-1.0
23572,-1.0
23573,-1.0
23574,-1.0
23575,-1.0
23576,-1.0
23577,-1.0
23578,-1.0
23579,-1.0
23580,-1.0
23581,-1.0
23582,-1.0
23583,-1.0
23584,-1.0
23585,-1.0
23586,-1.0
23587,-1.0
23588,-1.0
23589,-1.0
23590,-1.0
23591,-1.0
23592,-1.0
23593,-1.0
23594,-1.0
23595,1.0
23596,-1.0
23597,-1.0
23598,-1.0
23599,-1.0
23600,-1.0
23601,-1.0
23602,-1.0
23603,-1.0
23604,-1.0
23605,-1.0
23606,-1.0
23607,-1.0
23608,-1.0
23609,-1.0
23610,-1.0
23611,-1.0
23612,-1.0
23613,-1.0
23614,-1.0
23615,-1.0
23616,-1.0
23617,-1.0
23618,-1.0
23619,-1.0
23620,-1.0
23621,-1.0
23622,1.0
23623,-1.0
23624,-1.0
23625,-1.0
23626,1.0
23627,-1.0
23628,-1.0
23629,1.0
23630,-1.0
23631,-1.0
23632,-1.0
23633,-1.0
23634,-1.0
23635,1.0
23636,-1.0
23637,-1.0
23638,-1.0
23639,-1.0
23640,-1.0
23641,-1.0
23642,-1.0
23643,-1.0
23644,-1.0
23645,-1.0
23646,-1.0
23647,-1.0
23648,-1.0
23649,-1.0
23650,-1.0
23651,-1.0
23652,-1.0
23653,-1.0
23654,-1.0
23655,-1.0
23656,-1.0
23657,-1.0
23658,-1.0
23659,-1.0
23660,-1.0
23661,-1.0
23662,-1.0
23663,-1.0
23664,-1.0
23665,-1.0
23666,-1.0
23667,-1.0
23668,-1.0
23669,-1.0
23670,-1.0
23671,-1.0
23672,-1.0
23673,-1.0
23674,-1.0
23675,-1.0
23676,-1.0
23677,-1.0
23678,-1.0
23679,-1.0
23680,-1.0
23681,-1.0
23682,-1.0
23683,-1.0
23684,-1.0
23685,-1.0
23686,-1.0
23687,-1.0
23688,-1.0
23689,-1.0
23690,-1.0
23691,-1.0
23692,-1.0
23693,-1.0
23694,-1.0
23695,-1.0
23696,-1.0
23697,-1.0
23698,-1.0
23699,-1.0
23700,-1.0
23701,-1.0
23702,-1.0
23703,-1.0
23704,-1.0
23705,-1.0
23706,-1.0
23707,-1.0
23708,-1.0
23709,-1.0
23710,-1.0
23711,-1.0
23712,-1.0
23713,-1.0
23714,-1.0
23715,-1.0
23716,-1.0
23717,-1.0
23718,-1.0
23719,-1.0
23720,-1.0
23721,-1.0
23722,-1.0
23723,-1.0
23724,-1.0
23725,-1.0
23726,-1.0
23727,1.0
23728,-1.0
23729,-1.0
23730,-1.0
23731,-1.0
23732,-1.0
23733,-1.0
23734,-1.0
23735,-1.0
23736,-1.0
23737,-1.0
23738,-1.0
23739,-1.0
23740,-1.0
23741,-1.0
23742,-1.0
23743,-1.0
23744,-1.0
23745,-1.0
23746,-1.0
23747,-1.0
23748,-1.0
23749,-1.0
23750,1.0
23751,-1.0
23752,-1.0
23753,-1.0
23754,-1.0
23755,-1.0
23756,-1.0
23757,1.0
23758,-1.0
23759,-1.0
23760,-1.0
23761,-1.0
23762,-1.0
23763,-1.0
23764,-1.0
23765,-1.0
23766,-1.0
23767,-1.0
23768,-1.0
23769,-1.0
23770,-1.0
23771,-1.0
23772,-1.0
23773,-1.0
23774,-1.0
23775,-1.0
23776,-1.0
23777,-1.0
23778,-1.0
23779,-1.0
23780,-1.0
23781,-1.0
23782,-1.0
23783,-1.0
23784,-1.0
23785,-1.0
23786,-1.0
23787,-1.0
23788,-1.0
23789,-1.0
23790,-1.0
23791,-1.0
23792,-1.0
23793,-1.0
23794,-1.0
23795,-1.0
23796,-1.0
23797,-1.0
23798,-1.0
23799,-1.0
23800,-1.0
23801,-1.0
23802,-1.0
23803,-1.0
23804,-1.0
23805,-1.0
23806,-1.0
23807,-1.0
23808,-1.0
23809,-1.0
23810,-1.0
23811,-1.0
23812,-1.0
23813,-1.0
23814,-1.0
23815,-1.0
23816,-1.0
23817,-1.0
23818,-1.0
23819,-1.0
23820,-1.0
23821,-1.0
23822,-1.0
23823,-1.0
23824,-1.0
23825,-1.0
23826,-1.0
23827,-1.0
23828,-1.0
23829,-1.0
23830,-1.0
23831,-1.0
23832,-1.0
23833,-1.0
23834,-1.0
23835,-1.0
23836,-1.0
23837,-1.0
23838,-1.0
23839,-1.0
23840,1.0
23841,-1.0
23842,-1.0
23843,-1.0
23844,-1.0
23845,-1.0
23846,-1.0
23847,-1.0
23848,-1.0
23849,-1.0
23850,-1.0
23851,-1.0
23852,-1.0
23853,-1.0
23854,-1.0
23855,-1.0
23856,-1.0
23857,-1.0
23858,-1.0
23859,-1.0
23860,-1.0
23861,-1.0
23862,-1.0
23863,-1.0
23864,-1.0
23865,-1.0
23866,-1.0
23867,-1.0
23868,-1.0
23869,-1.0
23870,-1.0
23871,-1.0
23872,-1.0
23873,-1.0
23874,-1.0
23875,-1.0
23876,-1.0
23877,-1.0
23878,-1.0
23879,-1.0
23880,-1.0
23881,-1.0
23882,-1.0
23883,-1.0
23884,-1.0
23885,-1.0
23886,-1.0
23887,-1.0
23888,-1.0
23889,-1.0
23890,-1.0
23891,-1.0
23892,-1.0
23893,-1.0
23894,-1.0
23895,-1.0
23896,-1.0
23897,-1.0
23898,-1.0
23899,-1.0
23900,-1.0
23901,-1.0
23902,-1.0
23903,-1.0
23904,-1.0
23905,-1.0
23906,-1.0
23907,-1.0
23908,-1.0
23909,-1.0
23910,-1.0
23911,-1.0
23912,-1.0
23913,-1.0
23914,-1.0
23915,-1.0
23916,-1.0
23917,-1.0
23918,-1.0
23919,-1.0
23920,-1.0
23921,-1.0
23922,-1.0
23923,-1.0
23924,-1.0
23925,-1.0
23926,-1.0
23927,-1.0
23928,-1.0
23929,-1.0
23930,-1.0
23931,-1.0
23932,-1.0
23933,-1.0
23934,-1.0
23935,-1.0
23936,-1.0
23937,-1.0
23938,-1.0
23939,-1.0
23940,-1.0
23941,-1.0
23942,-1.0
23943,-1.0
23944,-1.0
23945,-1.0
23946,-1.0
23947,-1.0
23948,-1.0
23949,-1.0
23950,-1.0
23951,-1.0
23952,-1.0
23953,-1.0
23954,-1.0
23955,-1.0
23956,-1.0
23957,-1.0
23958,-1.0
23959,-1.0
23960,-1.0
23961,-1.0
23962,-1.0
23963,-1.0
23964,-1.0
23965,-1.0
23966,-1.0
23967,-1.0
23968,-1.0
23969,-1.0
23970,-1.0
23971,-1.0
23972,-1.0
23973,1.0
23974,-1.0
23975,-1.0
23976,-1.0
23977,-1.0
23978,-1.0
23979,-1.0
23980,-1.0
23981,-1.0
23982,-1.0
23983,-1.0
23984,-1.0
23985,-1.0
23986,-1.0
23987,-1.0
23988,-1.0
23989,-1.0
23990,-1.0
23991,-1.0
23992,-1.0
23993,-1.0
23994,-1.0
23995,-1.0
23996,-1.0
23997,-1.0
23998,-1.0
23999,-1.0
24000,-1.0
24001,-1.0
24002,-1.0
24003,-1.0
24004,-1.0
24005,-1.0
24006,-1.0
24007,-1.0
24008,-1.0
24009,-1.0
24010,-1.0
24011,-1.0
24012,-1.0
24013,-1.0
24014,-1.0
24015,-1.0
24016,-1.0
24017,-1.0
24018,-1.0
24019,-1.0
24020,-1.0
24021,-1.0
24022,-1.0
24023,-1.0
24024,-1.0
24025,-1.0
24026,-1.0
24027,-1.0
24028,-1.0
24029,-1.0
24030,-1.0
24031,-1.0
24032,-1.0
24033,-1.0
24034,-1.0
24035,-1.0
24036,-1.0
24037,-1.0
24038,-1.0
24039,-1.0
24040,-1.0
24041,-1.0
24042,-1.0
24043,-1.0
24044,-1.0
24045,-1.0
24046,-1.0
24047,-1.0
24048,-1.0
24049,-1.0
24050,-1.0
24051,-1.0
24052,-1.0
24053,-1.0
24054,-1.0
24055,-1.0
24056,-1.0
24057,-1.0
24058,-1.0
24059,-1.0
24060,-1.0
24061,-1.0
24062,-1.0
24063,-1.0
24064,-1.0
24065,1.0
24066,-1.0
24067,-1.0
24068,-1.0
24069,-1.0
24070,-1.0
24071,-1.0
24072,-1.0
24073,-1.0
24074,-1.0
24075,-1.0
24076,-1.0
24077,-1.0
24078,-1.0
24079,-1.0
24080,-1.0
24081,-1.0
24082,-1.0
24083,-1.0
24084,-1.0
24085,-1.0
24086,-1.0
24087,-1.0
24088,-1.0
24089,-1.0
24090,-1.0
24091,-1.0
24092,-1.0
24093,-1.0
24094,-1.0
24095,-1.0
24096,-1.0
24097,-1.0
24098,-1.0
24099,-1.0
24100,-1.0
24101,-1.0
24102,-1.0
24103,-1.0
24104,-1.0
24105,-1.0
24106,-1.0
24107,-1.0
24108,-1.0
24109,-1.0
24110,-1.0
24111,-1.0
24112,-1.0
24113,-1.0
24114,-1.0
24115,-1.0
24116,-1.0
24117,-1.0
24118,-1.0
24119,-1.0
24120,-1.0
24121,-1.0
24122,-1.0
24123,-1.0
24124,-1.0
24125,-1.0
24126,-1.0
24127,-1.0
24128,-1.0
24129,-1.0
24130,-1.0
24131,-1.0
24132,-1.0
24133,-1.0
24134,-1.0
24135,-1.0
24136,-1.0
24137,-1.0
24138,-1.0
24139,-1.0
24140,-1.0
24141,-1.0
24142,-1.0
24143,-1.0
24144,-1.0
24145,-1.0
24146,-1.0
24147,-1.0
24148,-1.0
24149,-1.0
24150,-1.0
24151,-1.0
24152,-1.0
24153,-1.0
24154,-1.0
24155,-1.0
24156,-1.0
24157,-1.0
24158,-1.0
24159,-1.0
24160,-1.0
24161,-1.0
24162,-1.0
24163,-1.0
24164,-1.0
24165,-1.0
24166,-1.0
24167,-1.0
24168,-1.0
24169,-1.0
24170,-1.0
24171,-1.0
24172,-1.0
24173,-1.0
24174,-1.0
24175,-1.0
24176,-1.0
24177,-1.0
24178,-1.0
24179,-1.0
24180,-1.0
24181,-1.0
24182,-1.0
24183,-1.0
24184,-1.0
24185,-1.0
24186,-1.0
24187,-1.0
24188,-1.0
24189,-1.0
24190,-1.0
24191,-1.0
24192,-1.0
24193,-1.0
24194,-1.0
24195,-1.0
24196,-1.0
24197,-1.0
24198,-1.0
24199,-1.0
24200,-1.0
24201,-1.0
24202,-1.0
24203,-1.0
24204,-1.0
24205,-1.0
24206,-1.0
24207,-1.0
24208,-1.0
24209,-1.0
24210,-1.0
24211,-1.0
24212,-1.0
24213,-1.0
24214,-1.0
24215,-1.0
24216,-1.0
24217,-1.0
24218,-1.0
24219,-1.0
24220,-1.0
24221,-1.0
24222,-1.0
24223,-1.0
24224,-1.0
24225,-1.0
24226,-1.0
24227,-1.0
24228,1.0
24229,-1.0
24230,-1.0
24231,-1.0
24232,-1.0
24233,-1.0
24234,-1.0
24235,-1.0
24236,-1.0
24237,-1.0
24238,-1.0
24239,-1.0
24240,-1.0
24241,-1.0
24242,-1.0
24243,-1.0
24244,-1.0
24245,-1.0
24246,-1.0
24247,-1.0
24248,-1.0
24249,-1.0
24250,-1.0
24251,-1.0
24252,-1.0
24253,-1.0
24254,-1.0
24255,-1.0
24256,-1.0
24257,-1.0
24258,-1.0
24259,-1.0
24260,-1.0
24261,-1.0
24262,-1.0
24263,-1.0
24264,-1.0
24265,1.0
24266,-1.0
24267,-1.0
24268,-1.0
24269,-1.0
24270,-1.0
24271,-1.0
24272,-1.0
24273,-1.0
24274,-1.0
24275,-1.0
24276,-1.0
24277,-1.0
24278,-1.0
24279,-1.0
24280,-1.0
24281,-1.0
24282,-1.0
24283,-1.0
24284,-1.0
24285,-1.0
24286,-1.0
24287,-1.0
24288,-1.0
24289,-1.0
24290,-1.0
24291,-1.0
24292,-1.0
24293,-1.0
24294,-1.0
24295,-1.0
24296,-1.0
24297,-1.0
24298,-1.0
24299,-1.0
24300,-1.0
24301,-1.0
24302,-1.0
24303,-1.0
24304,-1.0
24305,-1.0
24306,-1.0
24307,-1.0
24308,-1.0
24309,-1.0
24310,-1.0
24311,-1.0
24312,-1.0
24313,-1.0
24314,-1.0
24315,-1.0
24316,-1.0
24317,-1.0
24318,-1.0
24319,-1.0
24320,-1.0
24321,-1.0
24322,-1.0
24323,-1.0
24324,-1.0
24325,1.0
24326,-1.0
24327,-1.0
24328,-1.0
24329,-1.0
24330,-1.0
24331,-1.0
24332,-1.0
24333,-1.0
24334,-1.0
24335,-1.0
24336,-1.0
24337,-1.0
24338,-1.0
24339,-1.0
24340,-1.0
24341,-1.0
24342,-1.0
24343,-1.0
24344,-1.0
24345,-1.0
24346,-1.0
24347,-1.0
24348,-1.0
24349,-1.0
24350,-1.0
24351,-1.0
24352,-1.0
24353,-1.0
24354,-1.0
24355,-1.0
24356,-1.0
24357,-1.0
24358,-1.0
24359,-1.0
24360,-1.0
24361,-1.0
24362,-1.0
24363,-1.0
24364,-1.0
24365,-1.0
24366,-1.0
24367,-1.0
24368,-1.0
24369,-1.0
24370,-1.0
24371,-1.0
24372,-1.0
24373,-1.0
24374,-1.0
24375,-1.0
24376,-1.0
24377,-1.0
24378,-1.0
24379,-1.0
24380,-1.0
24381,-1.0
24382,-1.0
24383,-1.0
24384,-1.0
24385,-1.0
24386,-1.0
24387,-1.0
24388,-1.0
24389,-1.0
24390,-1.0
24391,-1.0
24392,-1.0
24393,-1.0
24394,-1.0
24395,-1.0
24396,-1.0
24397,-1.0
24398,-1.0
24399,-1.0
24400,-1.0
24401,-1.0
24402,-1.0
24403,-1.0
24404,-1.0
24405,-1.0
24406,-1.0
24407,-1.0
24408,-1.0
24409,-1.0
24410,-1.0
24411,-1.0
24412,-1.0
24413,-1.0
24414,-1.0
24415,-1.0
24416,-1.0
24417,-1.0
24418,-1.0
24419,-1.0
24420,-1.0
24421,-1.0
24422,-1.0
24423,1.0
24424,-1.0
24425,-1.0
24426,-1.0
24427,-1.0
24428,-1.0
24429,-1.0
24430,-1.0
24431,-1.0
24432,-1.0
24433,-1.0
24434,-1.0
24435,-1.0
24436,-1.0
24437,-1.0
24438,-1.0
24439,-1.0
24440,-1.0
24441,-1.0
24442,-1.0
24443,-1.0
24444,-1.0
24445,-1.0
24446,-1.0
24447,-1.0
24448,-1.0
24449,-1.0
24450,-1.0
24451,-1.0
24452,-1.0
24453,-1.0
24454,-1.0
24455,-1.0
24456,-1.0
24457,-1.0
24458,-1.0
24459,-1.0
24460,-1.0
24461,-1.0
24462,-1.0
24463,-1.0
24464,-1.0
24465,-1.0
24466,-1.0
24467,-1.0
24468,-1.0
24469,-1.0
24470,-1.0
24471,-1.0
24472,-1.0
24473,-1.0
24474,-1.0
24475,-1.0
24476,1.0
24477,-1.0
24478,-1.0
24479,-1.0
24480,-1.0
24481,-1.0
24482,-1.0
24483,-1.0
24484,-1.0
24485,-1.0
24486,-1.0
24487,-1.0
24488,-1.0
24489,-1.0
24490,-1.0
24491,-1.0
24492,-1.0
24493,-1.0
24494,-1.0
24495,-1.0
24496,-1.0
24497,-1.0
24498,-1.0
24499,-1.0
24500,-1.0
24501,-1.0
24502,-1.0
24503,-1.0
24504,-1.0
24505,-1.0
24506,-1.0
24507,-1.0
24508,-1.0
24509,-1.0
24510,-1.0
24511,-1.0
24512,-1.0
24513,-1.0
24514,-1.0
24515,-1.0
24516,-1.0
24517,-1.0
24518,-1.0
24519,-1.0
24520,-1.0
24521,-1.0
24522,-1.0
24523,-1.0
24524,-1.0
24525,-1.0
24526,-1.0
24527,-1.0
24528,-1.0
24529,-1.0
24530,-1.0
24531,-1.0
24532,-1.0
24533,-1.0
24534,-1.0
24535,-1.0
24536,1.0
24537,-1.0
24538,-1.0
24539,-1.0
24540,-1.0
24541,-1.0
24542,-1.0
24543,-1.0
24544,-1.0
24545,-1.0
24546,-1.0
24547,-1.0
24548,-1.0
24549,-1.0
24550,-1.0
24551,-1.0
24552,-1.0
24553,-1.0
24554,-1.0
24555,-1.0
24556,-1.0
24557,-1.0
24558,-1.0
24559,-1.0
24560,-1.0
24561,-1.0
24562,-1.0
24563,-1.0
24564,-1.0
24565,-1.0
24566,-1.0
24567,-1.0
24568,-1.0
24569,-1.0
24570,-1.0
24571,-1.0
24572,-1.0
24573,-1.0
24574,-1.0
24575,-1.0
24576,-1.0
24577,-1.0
24578,-1.0
24579,-1.0
24580,-1.0
24581,-1.0
24582,-1.0
24583,-1.0
24584,-1.0
24585,-1.0
24586,-1.0
24587,-1.0
24588,-1.0
24589,-1.0
24590,-1.0
24591,-1.0
24592,-1.0
24593,-1.0
24594,-1.0
24595,-1.0
24596,-1.0
24597,-1.0
24598,-1.0
24599,-1.0
24600,-1.0
24601,-1.0
24602,-1.0
24603,-1.0
24604,-1.0
24605,-1.0
24606,-1.0
24607,-1.0
24608,-1.0
24609,-1.0
24610,-1.0
24611,-1.0
24612,-1.0
24613,-1.0
24614,-1.0
24615,-1.0
24616,-1.0
24617,-1.0
24618,-1.0
24619,-1.0
24620,-1.0
24621,-1.0
24622,-1.0
24623,-1.0
24624,-1.0
24625,-1.0
24626,-1.0
24627,-1.0
24628,-1.0
24629,-1.0
24630,-1.0
24631,-1.0
24632,-1.0
24633,-1.0
24634,-1.0
24635,-1.0
24636,-1.0
24637,-1.0
24638,-1.0
24639,-1.0
24640,-1.0
24641,-1.0
24642,-1.0
24643,-1.0
24644,-1.0
24645,-1.0
24646,-1.0
24647,-1.0
24648,-1.0
24649,-1.0
24650,-1.0
24651,-1.0
24652,-1.0
24653,-1.0
24654,-1.0
24655,-1.0
24656,-1.0
24657,-1.0
24658,-1.0
24659,-1.0
24660,-1.0
24661,-1.0
24662,-1.0
24663,-1.0
24664,-1.0
24665,-1.0
24666,-1.0
24667,-1.0
24668,-1.0
24669,-1.0
24670,-1.0
24671,-1.0
24672,-1.0
24673,-1.0
24674,-1.0
24675,-1.0
24676,-1.0
24677,-1.0
24678,-1.0
24679,-1.0
24680,-1.0
24681,-1.0
24682,-1.0
24683,-1.0
24684,-1.0
24685,-1.0
24686,-1.0
24687,-1.0
24688,-1.0
24689,-1.0
24690,-1.0
24691,-1.0
24692,-1.0
24693,-1.0
24694,-1.0
24695,-1.0
24696,-1.0
24697,-1.0
24698,-1.0
24699,-1.0
24700,-1.0
24701,-1.0
24702,-1.0
24703,-1.0
24704,-1.0
24705,-1.0
24706,-1.0
24707,-1.0
24708,-1.0
24709,-1.0
24710,-1.0
24711,-1.0
24712,-1.0
24713,-1.0
24714,-1.0
24715,-1.0
24716,-1.0
24717,-1.0
24718,-1.0
24719,-1.0
24720,-1.0
24721,-1.0
24722,-1.0
24723,-1.0
24724,-1.0
24725,-1.0
24726,-1.0
24727,-1.0
24728,-1.0
24729,-1.0
24730,-1.0
24731,-1.0
24732,-1.0
24733,-1.0
24734,-1.0
24735,-1.0
24736,-1.0
24737,-1.0
24738,-1.0
24739,-1.0
24740,-1.0
24741,-1.0
24742,-1.0
24743,-1.0
24744,-1.0
24745,-1.0
24746,-1.0
24747,-1.0
24748,-1.0
24749,-1.0
24750,1.0
24751,-1.0
24752,-1.0
24753,-1.0
24754,-1.0
24755,-1.0
24756,1.0
24757,-1.0
24758,-1.0
24759,-1.0
24760,-1.0
24761,-1.0
24762,-1.0
24763,-1.0
24764,-1.0
24765,-1.0
24766,-1.0
24767,-1.0
24768,-1.0
24769,-1.0
24770,-1.0
24771,-1.0
24772,-1.0
24773,-1.0
24774,-1.0
24775,-1.0
24776,-1.0
24777,-1.0
24778,-1.0
24779,-1.0
24780,-1.0
24781,-1.0
24782,-1.0
24783,-1.0
24784,-1.0
24785,-1.0
24786,-1.0
24787,-1.0
24788,-1.0
24789,-1.0
24790,-1.0
24791,-1.0
24792,-1.0
24793,-1.0
24794,1.0
24795,1.0
24796,-1.0
24797,-1.0
24798,-1.0
24799,-1.0
24800,-1.0
24801,-1.0
24802,-1.0
24803,-1.0
24804,-1.0
24805,-1.0
24806,-1.0
24807,-1.0
24808,-1.0
24809,-1.0
24810,-1.0
24811,-1.0
24812,-1.0
24813,-1.0
24814,-1.0
24815,-1.0
24816,-1.0
24817,-1.0
24818,-1.0
24819,-1.0
24820,-1.0
24821,-1.0
24822,-1.0
24823,-1.0
24824,-1.0
24825,-1.0
24826,-1.0
24827,-1.0
24828,-1.0
24829,-1.0
24830,-1.0
24831,-1.0
24832,-1.0
24833,-1.0
24834,-1.0
24835,-1.0
24836,-1.0
24837,-1.0
24838,-1.0
24839,-1.0
24840,-1.0
24841,-1.0
24842,-1.0
24843,-1.0
24844,-1.0
24845,-1.0
24846,-1.0
24847,-1.0
24848,-1.0
24849,-1.0
24850,-1.0
24851,-1.0
24852,-1.0
24853,-1.0
24854,-1.0
24855,-1.0
24856,-1.0
24857,-1.0
24858,-1.0
24859,-1.0
24860,-1.0
24861,-1.0
24862,-1.0
24863,-1.0
24864,-1.0
24865,-1.0
24866,-1.0
24867,-1.0
24868,-1.0
24869,-1.0
24870,-1.0
24871,-1.0
24872,-1.0
24873,-1.0
24874,-1.0
24875,-1.0
24876,-1.0
24877,-1.0
24878,-1.0
24879,-1.0
24880,-1.0
24881,-1.0
24882,-1.0
24883,-1.0
24884,-1.0
24885,-1.0
24886,-1.0
24887,-1.0
24888,-1.0
24889,-1.0
24890,-1.0
24891,-1.0
24892,-1.0
24893,-1.0
24894,-1.0
24895,-1.0
24896,-1.0
24897,1.0
24898,-1.0
24899,-1.0
24900,-1.0
24901,-1.0
24902,-1.0
24903,-1.0
24904,-1.0
24905,-1.0
24906,-1.0
24907,-1.0
24908,-1.0
24909,-1.0
24910,-1.0
24911,-1.0
24912,-1.0
24913,-1.0
24914,-1.0
24915,-1.0
24916,-1.0
24917,-1.0
24918,-1.0
24919,-1.0
24920,-1.0
24921,-1.0
24922,-1.0
24923,-1.0
24924,-1.0
24925,-1.0
24926,-1.0
24927,-1.0
24928,-1.0
24929,-1.0
24930,-1.0
24931,-1.0
24932,-1.0
24933,-1.0
24934,-1.0
24935,-1.0
24936,-1.0
24937,-1.0
24938,-1.0
24939,-1.0
24940,-1.0
24941,-1.0
24942,-1.0
24943,-1.0
24944,-1.0
24945,-1.0
24946,-1.0
24947,-1.0
24948,-1.0
24949,-1.0
24950,-1.0
24951,-1.0
24952,-1.0
24953,-1.0
24954,-1.0
24955,-1.0
24956,-1.0
24957,-1.0
24958,-1.0
24959,-1.0
24960,-1.0
24961,-1.0
24962,-1.0
24963,-1.0
24964,-1.0
24965,-1.0
24966,-1.0
24967,-1.0
24968,-1.0
24969,-1.0
24970,-1.0
24971,-1.0
24972,-1.0
24973,-1.0
24974,-1.0
24975,-1.0
24976,-1.0
24977,-1.0
24978,-1.0
24979,-1.0
24980,-1.0
24981,-1.0
24982,-1.0
24983,-1.0
24984,-1.0
24985,-1.0
24986,-1.0
24987,-1.0
24988,-1.0
24989,-1.0
24990,-1.0
24991,-1.0
24992,-1.0
24993,-1.0
24994,-1.0
24995,-1.0
24996,-1.0
24997,-1.0
24998,-1.0
24999,-1.0
25000,-1.0
